Sample_Name,Anchor_Index,Anchor_Time,Anchor_Value,Fitted_Value_At_Anchor_Time,Residual,Percent_Residual,Source_X_Column,Source_Y_Column,Polynomial_Degree
"A01",1,0.400000006,992.727050781,992.977346658,-0.250295877,-0.02521296,"X3","Y3",4
"A01",2,2.069999933,987.511169434,986.48818441,1.022985024,0.103592248,"X3","Y3",4
"A01",3,3.720000029,980.450256348,981.747802882,-1.297546534,-0.132341904,"X3","Y3",4
"A01",4,5.420000076,975.516723633,975.556409248,-0.039685615,-0.004068163,"X3","Y3",4
"A01",5,6.949999809,971.610534668,970.228082927,1.382451741,0.142284557,"X3","Y3",4
"A01",6,8.710000038,969.553710938,970.829631773,-1.275920835,-0.131598778,"X3","Y3",4
"A01",7,9.890000343,981.573242188,981.115230091,0.458012096,0.046661021,"X3","Y3",4
