"Sample_Name","Analysis_Type","Index","Pos","Tmax (s)","APeak","Baseline Bl","Amplitude","Pk2Pk (s)","Time2Pk (s)","FWHM (s)","FW20 (s)","FW80 (s)","LW50 (s)","LW20 (s)","LW80 (s)","RW50 (s)","RW20 (s)","RW80 (s)"
"A01","DeltaF_over_F0_SecondSpiky",1,54,0.550000,0.196326,-0.000346,0.196672,"NA",0.120000,0.404401,0.811935,0.176987,0.088857,0.107094,0.075621,0.315544,0.704841,0.101366
"A01","DeltaF_over_F0_SecondSpiky",2,221,2.220000,0.214718,-0.000158,0.214876,1.670000,0.120000,0.407436,0.792325,0.179501,0.088812,0.102847,0.069835,0.318624,0.689478,0.109666
"A01","DeltaF_over_F0_SecondSpiky",3,388,3.890000,0.174792,-0.000699,0.175491,1.670000,0.090000,0.405822,0.747925,0.190658,0.060968,0.077928,0.045164,0.344854,0.669997,0.145495
"A01","DeltaF_over_F0_SecondSpiky",4,554,5.550000,0.196003,0.000676,0.195327,1.660000,0.120000,0.393676,0.778177,0.189463,0.091365,0.105679,0.069706,0.302311,0.672499,0.119757
"A01","DeltaF_over_F0_SecondSpiky",5,722,7.230000,0.180841,0.000060,0.180781,1.680000,0.110000,0.398001,0.792311,0.174510,0.081550,0.098711,0.065427,0.316451,0.693600,0.109083
"A01","DeltaF_over_F0_SecondSpiky",6,888,8.890000,0.181735,-0.001292,0.183027,1.660000,0.110001,0.380176,0.713641,0.183111,0.081462,0.095473,0.059542,0.298715,0.618168,0.123570
